-- ============================================================================
-- BUS INVENTORY MANAGEMENT SYSTEM - SEED DATA
-- ============================================================================
-- This seed file contains example data for 3 complete bus/travel trips:
-- 1. Grandhotel Pupp in Karlsbad (Trip ID: 4949)
-- 2. Flusskreuzfahrt auf der Rhône / MS VOYAGE (Trip ID: 5066)
-- 3. Starke Frauen in Dresden (Trip ID: 4953)
--
-- Generated: 2026-02-09
-- ============================================================================

-- ============================================================================
-- CLEANUP: Delete existing data in reverse dependency order
-- ============================================================================
DELETE FROM seat_assignments;
DELETE FROM tour_guide_assignments;
DELETE FROM early_bird_discounts;
DELETE FROM trip_extras;
DELETE FROM composite_accommodation_hotels;
DELETE FROM accommodations;
DELETE FROM boarding_point_surcharges;
DELETE FROM boarding_point_assignments;
DELETE FROM transport_group_members;
DELETE FROM transport_groups;
DELETE FROM seats;
DELETE FROM seat_maps;
DELETE FROM bus_transports;
DELETE FROM boarding_points;
DELETE FROM transfer_cost_categories;
DELETE FROM trip_tags;
DELETE FROM trip_departures;
DELETE FROM trips;
DELETE FROM hotel_partners;

-- ============================================================================
-- SECTION 1: HOTEL PARTNERS & BOARDING POINTS
-- ============================================================================

INSERT INTO hotel_partners (id, idbuspro, name, city, needs_enrichment, created_at)
VALUES
  ('00000000-0000-0000-0002-000000000001', 2, 'M-TOURS Erlebnisreisen GmbH', NULL, true, NOW()),
  ('00000000-0000-0000-0002-000000000051', 51415, 'Bus Partner Karlsbad', NULL, true, NOW()),
  ('00000000-0000-0000-0002-000000000084', 84782, 'Grandhotel Pupp', 'Karlsbad', false, NOW()),
  ('00000000-0000-0000-0002-000000000052', 51173, 'Bus Partner Dresden', NULL, true, NOW()),
  ('00000000-0000-0000-0002-000000000029', 29319, 'Hotel Dresden', 'Dresden', false, NOW()),
  ('00000000-0000-0000-0002-000000060773', 60773, 'Hotel Nancy/Metz Pre-Post', 'Nancy', true, NOW()),
  ('00000000-0000-0000-0002-000000061098', 61098, 'MS VOYAGE', 'River', false, NOW()),
  ('00000000-0000-0000-0002-000000086260', 86260, 'Hotel Freiburg Program', 'Freiburg', true, NOW()),
  ('00000000-0000-0000-0002-000000086261', 86261, 'Hotel Metz Post-Program', 'Metz', true, NOW()),
  ('00000000-0000-0000-0002-000000074674', 74674, 'Semperoper Dresden', 'Dresden', false, NOW());

-- Boarding points (placeholders with XML IDs - need enrichment)
INSERT INTO boarding_points (id, idbuspro, name, city, status, needs_enrichment, created_at)
VALUES
  ('00000000-0000-0001-0030-000000000000', 30, 'BP-30', NULL, 'freigegeben', true, NOW()),
  ('00000000-0000-0001-0050-000000000000', 50, 'BP-50', NULL, 'freigegeben', true, NOW()),
  ('00000000-0000-0001-0173-000000000000', 173, 'BP-173', NULL, 'freigegeben', true, NOW()),
  ('00000000-0000-0001-0296-000000000000', 296, 'BP-296', NULL, 'freigegeben', true, NOW()),
  ('00000000-0000-0001-0438-000000000000', 438, 'BP-438', NULL, 'freigegeben', true, NOW()),
  ('00000000-0000-0001-0477-000000000000', 477, 'BP-477', NULL, 'freigegeben', true, NOW()),
  ('00000000-0000-0001-0568-000000000000', 568, 'BP-568', NULL, 'freigegeben', true, NOW()),
  ('00000000-0000-0001-0600-000000000000', 600, 'BP-600', NULL, 'freigegeben', true, NOW()),
  ('00000000-0000-0001-0620-000000000000', 620, 'BP-620', NULL, 'freigegeben', true, NOW()),
  ('00000000-0000-0001-0647-000000000000', 647, 'BP-647', NULL, 'freigegeben', true, NOW()),
  ('00000000-0000-0001-0648-000000000000', 648, 'BP-648', NULL, 'freigegeben', true, NOW()),
  ('00000000-0000-0001-0649-000000000000', 649, 'BP-649', NULL, 'freigegeben', true, NOW()),
  ('00000000-0000-0001-0691-000000000000', 691, 'BP-691', NULL, 'freigegeben', true, NOW()),
  ('00000000-0000-0001-0707-000000000000', 707, 'BP-707', NULL, 'freigegeben', true, NOW()),
  ('00000000-0000-0001-0722-000000000000', 722, 'BP-722', NULL, 'freigegeben', true, NOW()),
  ('00000000-0000-0001-0723-000000000000', 723, 'BP-723', NULL, 'freigegeben', true, NOW()),
  ('00000000-0000-0001-0731-000000000000', 731, 'BP-731', NULL, 'freigegeben', true, NOW()),
  ('00000000-0000-0001-0800-000000000000', 800, 'BP-800', NULL, 'freigegeben', true, NOW());

-- Transfer cost categories
INSERT INTO transfer_cost_categories (id, name, sort_order, created_at)
VALUES
  ('00000000-0000-0000-0003-000000000001', 'Standard', 0, NOW()),
  ('00000000-0000-0000-0003-000000000002', 'Premium', 1, NOW()),
  ('00000000-0000-0000-0003-000000000003', 'Economy', 2, NOW());

-- ============================================================================
-- SECTION 2: SEAT MAPS
-- ============================================================================
-- Seat Map 1: Hummel (28+1 configuration: 7 rows x 4 columns + driver)

INSERT INTO seat_maps (id, name, rows, columns, created_at)
VALUES
  ('00000000-0000-0000-0004-000000000001', 'Hummel 28+1', 8, 4, NOW()),
  ('00000000-0000-0000-0004-000000000002', 'Növernann 44+1', 11, 4, NOW());

-- Hummel seats (28 passenger seats + driver)
INSERT INTO seats (id, seat_map_id, row, col, label, type, status, is_blocked, created_at)
VALUES
  -- Driver seat
  ('00000000-0000-0004-0001-000000000001', '00000000-0000-0000-0004-000000000001', 0, 0, 'D1', 'driver', 'available', false, NOW()),

  -- Passenger rows (1-7, columns 1-4)
  -- Row 1
  ('00000000-0000-0004-0001-000000000101', '00000000-0000-0000-0004-000000000001', 1, 0, '1A', 'seat', 'available', false, NOW()),
  ('00000000-0000-0004-0001-000000000102', '00000000-0000-0000-0004-000000000001', 1, 1, '1B', 'seat', 'available', false, NOW()),
  ('00000000-0000-0004-0001-000000000103', '00000000-0000-0000-0004-000000000001', 1, 2, '1C', 'seat', 'available', false, NOW()),
  ('00000000-0000-0004-0001-000000000104', '00000000-0000-0000-0004-000000000001', 1, 3, '1D', 'seat', 'available', false, NOW()),
  -- Row 2
  ('00000000-0000-0004-0001-000000000201', '00000000-0000-0000-0004-000000000001', 2, 0, '2A', 'seat', 'available', false, NOW()),
  ('00000000-0000-0004-0001-000000000202', '00000000-0000-0000-0004-000000000001', 2, 1, '2B', 'seat', 'available', false, NOW()),
  ('00000000-0000-0004-0001-000000000203', '00000000-0000-0000-0004-000000000001', 2, 2, '2C', 'seat', 'available', false, NOW()),
  ('00000000-0000-0004-0001-000000000204', '00000000-0000-0000-0004-000000000001', 2, 3, '2D', 'seat', 'available', false, NOW()),
  -- Row 3
  ('00000000-0000-0004-0001-000000000301', '00000000-0000-0000-0004-000000000001', 3, 0, '3A', 'seat', 'available', false, NOW()),
  ('00000000-0000-0004-0001-000000000302', '00000000-0000-0000-0004-000000000001', 3, 1, '3B', 'seat', 'available', false, NOW()),
  ('00000000-0000-0004-0001-000000000303', '00000000-0000-0000-0004-000000000001', 3, 2, '3C', 'seat', 'available', false, NOW()),
  ('00000000-0000-0004-0001-000000000304', '00000000-0000-0000-0004-000000000001', 3, 3, '3D', 'seat', 'available', false, NOW()),
  -- Row 4
  ('00000000-0000-0004-0001-000000000401', '00000000-0000-0000-0004-000000000001', 4, 0, '4A', 'seat', 'available', false, NOW()),
  ('00000000-0000-0004-0001-000000000402', '00000000-0000-0000-0004-000000000001', 4, 1, '4B', 'seat', 'available', false, NOW()),
  ('00000000-0000-0004-0001-000000000403', '00000000-0000-0000-0004-000000000001', 4, 2, '4C', 'seat', 'available', false, NOW()),
  ('00000000-0000-0004-0001-000000000404', '00000000-0000-0000-0004-000000000001', 4, 3, '4D', 'seat', 'available', false, NOW()),
  -- Row 5
  ('00000000-0000-0004-0001-000000000501', '00000000-0000-0000-0004-000000000001', 5, 0, '5A', 'seat', 'available', false, NOW()),
  ('00000000-0000-0004-0001-000000000502', '00000000-0000-0000-0004-000000000001', 5, 1, '5B', 'seat', 'available', false, NOW()),
  ('00000000-0000-0004-0001-000000000503', '00000000-0000-0000-0004-000000000001', 5, 2, '5C', 'seat', 'available', false, NOW()),
  ('00000000-0000-0004-0001-000000000504', '00000000-0000-0000-0004-000000000001', 5, 3, '5D', 'seat', 'available', false, NOW()),
  -- Row 6
  ('00000000-0000-0004-0001-000000000601', '00000000-0000-0000-0004-000000000001', 6, 0, '6A', 'seat', 'available', false, NOW()),
  ('00000000-0000-0004-0001-000000000602', '00000000-0000-0000-0004-000000000001', 6, 1, '6B', 'seat', 'available', false, NOW()),
  ('00000000-0000-0004-0001-000000000603', '00000000-0000-0000-0004-000000000001', 6, 2, '6C', 'seat', 'available', false, NOW()),
  ('00000000-0000-0004-0001-000000000604', '00000000-0000-0000-0004-000000000001', 6, 3, '6D', 'seat', 'available', false, NOW()),
  -- Row 7
  ('00000000-0000-0004-0001-000000000701', '00000000-0000-0000-0004-000000000001', 7, 0, '7A', 'seat', 'available', false, NOW()),
  ('00000000-0000-0004-0001-000000000702', '00000000-0000-0000-0004-000000000001', 7, 1, '7B', 'seat', 'available', false, NOW()),
  ('00000000-0000-0004-0001-000000000703', '00000000-0000-0000-0004-000000000001', 7, 2, '7C', 'seat', 'available', false, NOW()),
  ('00000000-0000-0004-0001-000000000704', '00000000-0000-0000-0004-000000000001', 7, 3, '7D', 'seat', 'available', false, NOW());

-- Növernann seats (44 passenger seats + driver, 11 rows x 4 columns)
INSERT INTO seats (id, seat_map_id, row, col, label, type, status, is_blocked, created_at)
VALUES
  -- Driver seat
  ('00000000-0000-0004-0002-000000000001', '00000000-0000-0000-0004-000000000002', 0, 0, 'D1', 'driver', 'available', false, NOW()),

  -- Passenger rows (1-11, columns 1-4)
  -- Row 1
  ('00000000-0000-0004-0002-000000000101', '00000000-0000-0000-0004-000000000002', 1, 0, '1A', 'seat', 'available', false, NOW()),
  ('00000000-0000-0004-0002-000000000102', '00000000-0000-0000-0004-000000000002', 1, 1, '1B', 'seat', 'available', false, NOW()),
  ('00000000-0000-0004-0002-000000000103', '00000000-0000-0000-0004-000000000002', 1, 2, '1C', 'seat', 'available', false, NOW()),
  ('00000000-0000-0004-0002-000000000104', '00000000-0000-0000-0004-000000000002', 1, 3, '1D', 'seat', 'available', false, NOW()),
  -- Row 2
  ('00000000-0000-0004-0002-000000000201', '00000000-0000-0000-0004-000000000002', 2, 0, '2A', 'seat', 'available', false, NOW()),
  ('00000000-0000-0004-0002-000000000202', '00000000-0000-0000-0004-000000000002', 2, 1, '2B', 'seat', 'available', false, NOW()),
  ('00000000-0000-0004-0002-000000000203', '00000000-0000-0000-0004-000000000002', 2, 2, '2C', 'seat', 'available', false, NOW()),
  ('00000000-0000-0004-0002-000000000204', '00000000-0000-0000-0004-000000000002', 2, 3, '2D', 'seat', 'available', false, NOW()),
  -- Row 3
  ('00000000-0000-0004-0002-000000000301', '00000000-0000-0000-0004-000000000002', 3, 0, '3A', 'seat', 'available', false, NOW()),
  ('00000000-0000-0004-0002-000000000302', '00000000-0000-0000-0004-000000000002', 3, 1, '3B', 'seat', 'available', false, NOW()),
  ('00000000-0000-0004-0002-000000000303', '00000000-0000-0000-0004-000000000002', 3, 2, '3C', 'seat', 'available', false, NOW()),
  ('00000000-0000-0004-0002-000000000304', '00000000-0000-0000-0004-000000000002', 3, 3, '3D', 'seat', 'available', false, NOW()),
  -- Row 4
  ('00000000-0000-0004-0002-000000000401', '00000000-0000-0000-0004-000000000002', 4, 0, '4A', 'seat', 'available', false, NOW()),
  ('00000000-0000-0004-0002-000000000402', '00000000-0000-0000-0004-000000000002', 4, 1, '4B', 'seat', 'available', false, NOW()),
  ('00000000-0000-0004-0002-000000000403', '00000000-0000-0000-0004-000000000002', 4, 2, '4C', 'seat', 'available', false, NOW()),
  ('00000000-0000-0004-0002-000000000404', '00000000-0000-0000-0004-000000000002', 4, 3, '4D', 'seat', 'available', false, NOW()),
  -- Row 5
  ('00000000-0000-0004-0002-000000000501', '00000000-0000-0000-0004-000000000002', 5, 0, '5A', 'seat', 'available', false, NOW()),
  ('00000000-0000-0004-0002-000000000502', '00000000-0000-0000-0004-000000000002', 5, 1, '5B', 'seat', 'available', false, NOW()),
  ('00000000-0000-0004-0002-000000000503', '00000000-0000-0000-0004-000000000002', 5, 2, '5C', 'seat', 'available', false, NOW()),
  ('00000000-0000-0004-0002-000000000504', '00000000-0000-0000-0004-000000000002', 5, 3, '5D', 'seat', 'available', false, NOW()),
  -- Row 6
  ('00000000-0000-0004-0002-000000000601', '00000000-0000-0000-0004-000000000002', 6, 0, '6A', 'seat', 'available', false, NOW()),
  ('00000000-0000-0004-0002-000000000602', '00000000-0000-0000-0004-000000000002', 6, 1, '6B', 'seat', 'available', false, NOW()),
  ('00000000-0000-0004-0002-000000000603', '00000000-0000-0000-0004-000000000002', 6, 2, '6C', 'seat', 'available', false, NOW()),
  ('00000000-0000-0004-0002-000000000604', '00000000-0000-0000-0004-000000000002', 6, 3, '6D', 'seat', 'available', false, NOW()),
  -- Row 7
  ('00000000-0000-0004-0002-000000000701', '00000000-0000-0000-0004-000000000002', 7, 0, '7A', 'seat', 'available', false, NOW()),
  ('00000000-0000-0004-0002-000000000702', '00000000-0000-0000-0004-000000000002', 7, 1, '7B', 'seat', 'available', false, NOW()),
  ('00000000-0000-0004-0002-000000000703', '00000000-0000-0000-0004-000000000002', 7, 2, '7C', 'seat', 'available', false, NOW()),
  ('00000000-0000-0004-0002-000000000704', '00000000-0000-0000-0004-000000000002', 7, 3, '7D', 'seat', 'available', false, NOW()),
  -- Row 8
  ('00000000-0000-0004-0002-000000000801', '00000000-0000-0000-0004-000000000002', 8, 0, '8A', 'seat', 'available', false, NOW()),
  ('00000000-0000-0004-0002-000000000802', '00000000-0000-0000-0004-000000000002', 8, 1, '8B', 'seat', 'available', false, NOW()),
  ('00000000-0000-0004-0002-000000000803', '00000000-0000-0000-0004-000000000002', 8, 2, '8C', 'seat', 'available', false, NOW()),
  ('00000000-0000-0004-0002-000000000804', '00000000-0000-0000-0004-000000000002', 8, 3, '8D', 'seat', 'available', false, NOW()),
  -- Row 9
  ('00000000-0000-0004-0002-000000000901', '00000000-0000-0000-0004-000000000002', 9, 0, '9A', 'seat', 'available', false, NOW()),
  ('00000000-0000-0004-0002-000000000902', '00000000-0000-0000-0004-000000000002', 9, 1, '9B', 'seat', 'available', false, NOW()),
  ('00000000-0000-0004-0002-000000000903', '00000000-0000-0000-0004-000000000002', 9, 2, '9C', 'seat', 'available', false, NOW()),
  ('00000000-0000-0004-0002-000000000904', '00000000-0000-0000-0004-000000000002', 9, 3, '9D', 'seat', 'available', false, NOW()),
  -- Row 10
  ('00000000-0000-0004-0002-000000001001', '00000000-0000-0000-0004-000000000002', 10, 0, '10A', 'seat', 'available', false, NOW()),
  ('00000000-0000-0004-0002-000000001002', '00000000-0000-0000-0004-000000000002', 10, 1, '10B', 'seat', 'available', false, NOW()),
  ('00000000-0000-0004-0002-000000001003', '00000000-0000-0000-0004-000000000002', 10, 2, '10C', 'seat', 'available', false, NOW()),
  ('00000000-0000-0004-0002-000000001004', '00000000-0000-0000-0004-000000000002', 10, 3, '10D', 'seat', 'available', false, NOW()),
  -- Row 11
  ('00000000-0000-0004-0002-000000001101', '00000000-0000-0000-0004-000000000002', 11, 0, '11A', 'seat', 'available', false, NOW()),
  ('00000000-0000-0004-0002-000000001102', '00000000-0000-0000-0004-000000000002', 11, 1, '11B', 'seat', 'available', false, NOW()),
  ('00000000-0000-0004-0002-000000001103', '00000000-0000-0000-0004-000000000002', 11, 2, '11C', 'seat', 'available', false, NOW()),
  ('00000000-0000-0004-0002-000000001104', '00000000-0000-0000-0004-000000000002', 11, 3, '11D', 'seat', 'available', false, NOW());

-- ============================================================================
-- SECTION 3: TRIP 1 - GRANDHOTEL PUPP IN KARLSBAD
-- ============================================================================

INSERT INTO trips (id, idbuspro, code, name, start_date, end_date, base_price, status_hin, status_rueck, created_at)
VALUES
  ('00000000-0000-0000-0100-000000000001', 4949, '3544406', 'Grandhotel Pupp in Karlsbad', '2026-04-13', '2026-04-16', 943.00, 'Frei', 'Frei', '2026-02-03 00:00:00');

INSERT INTO trip_departures (id, trip_id, start_date, end_date, code, booking_deadline, status_hin, status_rueck, guarantee, created_at)
VALUES
  ('00000000-0000-0000-0101-000000000001', '00000000-0000-0000-0100-000000000001', '2026-04-13', '2026-04-16', '3544406', '2026-04-13', 'Frei', 'Frei', false, '2026-02-03 00:00:00');

-- Trip 1 Tags
INSERT INTO trip_tags (id, trip_departure_id, dimension, value)
VALUES
  ('00000000-0000-0000-0102-000000000001', '00000000-0000-0000-0101-000000000001', 'category', 'Bus'),
  ('00000000-0000-0000-0102-000000000002', '00000000-0000-0000-0101-000000000001', 'level', 'Premium'),
  ('00000000-0000-0000-0102-000000000003', '00000000-0000-0000-0101-000000000001', 'region', 'Inland'),
  ('00000000-0000-0000-0102-000000000004', '00000000-0000-0000-0101-000000000001', 'media_partner', 'BadZ'),
  ('00000000-0000-0000-0102-000000000005', '00000000-0000-0000-0101-000000000001', 'pm', 'Ronja Bücker'),
  ('00000000-0000-0000-0102-000000000006', '00000000-0000-0000-0101-000000000001', 'insurance_clause', 'Reisen ohne Risikoerhöhung');

-- Trip 1 Transport Groups
INSERT INTO transport_groups (id, trip_departure_id, label, sort_order, created_at)
VALUES
  ('00000000-0000-0000-0103-000000000001', '00000000-0000-0000-0101-000000000001', 'Busreise', 0, NOW());

-- Trip 1 Bus Transports
INSERT INTO bus_transports (id, trip_departure_id, name, direction, date, end_date, price, status, has_seat_plan, route_group, unterart, fruehbucher, altersermaessigung, seat_map_id, idbuspro, idbuspro_partner_hotel, created_at)
VALUES
  ('00000000-0000-0000-0104-000000000001', '00000000-0000-0000-0101-000000000001', 'Bus Hinfahrt 13.04', 'HIN', '2026-04-13', NULL, 0.00, 'Frei', true, 'Busreise', 'BUS', true, true, '00000000-0000-0000-0004-000000000001', NULL, 51415, NOW()),
  ('00000000-0000-0000-0104-000000000002', '00000000-0000-0000-0101-000000000001', 'Bus Rückfahrt 16.04', 'RUECK', '2026-04-16', NULL, 0.00, 'Frei', true, 'Busreise', 'BUS', true, true, '00000000-0000-0000-0004-000000000001', NULL, 51415, NOW());

-- Trip 1 Transport Group Members
INSERT INTO transport_group_members (id, transport_group_id, bus_transport_id)
VALUES
  ('00000000-0000-0000-0105-000000000001', '00000000-0000-0000-0103-000000000001', '00000000-0000-0000-0104-000000000001'),
  ('00000000-0000-0000-0105-000000000002', '00000000-0000-0000-0103-000000000001', '00000000-0000-0000-0104-000000000002');

-- Trip 1 Boarding Point Assignments (Outbound)
INSERT INTO boarding_point_assignments (id, boarding_point_id, bus_transport_id, surcharge_amount, created_at)
VALUES
  ('00000000-0000-0000-0106-000000000001', '00000000-0000-0001-0648-000000000000', '00000000-0000-0000-0104-000000000001', NULL, NOW()),
  ('00000000-0000-0000-0106-000000000002', '00000000-0000-0001-0649-000000000000', '00000000-0000-0000-0104-000000000001', NULL, NOW()),
  ('00000000-0000-0000-0106-000000000003', '00000000-0000-0001-0647-000000000000', '00000000-0000-0000-0104-000000000001', NULL, NOW()),
  ('00000000-0000-0000-0106-000000000004', '00000000-0000-0001-0722-000000000000', '00000000-0000-0000-0104-000000000001', 50.00, NOW()),
  ('00000000-0000-0000-0106-000000000005', '00000000-0000-0001-0723-000000000000', '00000000-0000-0000-0104-000000000001', 40.00, NOW());

-- Trip 1 Boarding Point Assignments (Return)
INSERT INTO boarding_point_assignments (id, boarding_point_id, bus_transport_id, surcharge_amount, created_at)
VALUES
  ('00000000-0000-0000-0106-000000000006', '00000000-0000-0001-0648-000000000000', '00000000-0000-0000-0104-000000000002', NULL, NOW()),
  ('00000000-0000-0000-0106-000000000007', '00000000-0000-0001-0649-000000000000', '00000000-0000-0000-0104-000000000002', NULL, NOW()),
  ('00000000-0000-0000-0106-000000000008', '00000000-0000-0001-0647-000000000000', '00000000-0000-0000-0104-000000000002', NULL, NOW()),
  ('00000000-0000-0000-0106-000000000009', '00000000-0000-0001-0722-000000000000', '00000000-0000-0000-0104-000000000002', NULL, NOW()),
  ('00000000-0000-0000-0106-000000000010', '00000000-0000-0001-0723-000000000000', '00000000-0000-0000-0104-000000000002', NULL, NOW());

-- Trip 1 Accommodations (Grandhotel Pupp)
INSERT INTO accommodations (id, trip_departure_id, name, code, price, status, room_type, occupancy_min, occupancy_max, meal_plan, nights, check_in, check_out, hotel_partner_id, idbuspro, created_at)
VALUES
  ('00000000-0000-0000-0107-000000000001', '00000000-0000-0000-0101-000000000001', 'DZ PS (Doppelzimmer Modern Parkseite)', 'DZ_PS', 943.00, 'Frei', 'double', 2, 2, 'Laut Programm', 3, '2026-04-13', '2026-04-16', '00000000-0000-0000-0002-000000000084', NULL, NOW()),
  ('00000000-0000-0000-0107-000000000002', '00000000-0000-0000-0101-000000000001', 'EZ/DZ/PS (Einzelnutzung)', 'EZ_PS', 1306.00, 'Frei', 'single', 1, 1, 'Laut Programm', 3, '2026-04-13', '2026-04-16', '00000000-0000-0000-0002-000000000084', NULL, NOW());

-- Trip 1 Early Bird Discounts
INSERT INTO early_bird_discounts (id, trip_departure_id, travel_from, travel_to, booking_from, booking_to, value, type, created_at)
VALUES
  ('00000000-0000-0000-0108-000000000001', '00000000-0000-0000-0101-000000000001', '2026-04-13', '2026-04-16', NULL, '2026-04-13', 100.00, 'F', NOW());

-- Trip 1 Insurance
INSERT INTO trip_extras (id, trip_departure_id, type, name, price, date, status, idbuspro, created_at)
VALUES
  ('00000000-0000-0000-0109-000000000001', '00000000-0000-0000-0101-000000000001', 'INS', 'Auto, Bus & Bahn', 0.00, '2026-04-13', 'Frei', 1, NOW()),
  ('00000000-0000-0000-0109-000000000002', '00000000-0000-0000-0101-000000000001', 'INS', 'Europa', 0.00, '2026-04-13', 'Frei', 4, NOW());

-- Trip 1 Tour Guide
INSERT INTO tour_guide_assignments (id, trip_departure_id, first_name, last_name, gender, code, created_at)
VALUES
  ('00000000-0000-0000-0110-000000000001', '00000000-0000-0000-0101-000000000001', 'Sabine', 'Breisacher', 'F', 'BrS', NOW());

-- ============================================================================
-- SECTION 4: TRIP 2 - FLUSSKREUZFAHRT AUF DER RHÔNE / MS VOYAGE
-- ============================================================================

INSERT INTO trips (id, idbuspro, code, name, start_date, end_date, base_price, status_hin, status_rueck, created_at)
VALUES
  ('00000000-0000-0000-0200-000000000001', 5066, '3456678', 'Flusskreuzfahrt auf der Rhône / MS VOYAGE', '2026-04-09', '2026-04-16', 80.00, 'W', 'W', '2026-02-03 00:00:00');

INSERT INTO trip_departures (id, trip_id, start_date, end_date, code, booking_deadline, status_hin, status_rueck, guarantee, created_at)
VALUES
  ('00000000-0000-0000-0201-000000000001', '00000000-0000-0000-0200-000000000001', '2026-04-09', '2026-04-16', '3456678', '2026-04-09', 'W', 'W', false, '2026-02-03 00:00:00');

-- Trip 2 Tags
INSERT INTO trip_tags (id, trip_departure_id, dimension, value)
VALUES
  ('00000000-0000-0000-0202-000000000001', '00000000-0000-0000-0201-000000000001', 'category', 'Schiff_Fluss'),
  ('00000000-0000-0000-0202-000000000002', '00000000-0000-0000-0201-000000000001', 'theme', 'Kunst/Kultur/Kulinarik + Stadt'),
  ('00000000-0000-0000-0202-000000000003', '00000000-0000-0000-0201-000000000001', 'region', 'EU-Ausland'),
  ('00000000-0000-0000-0202-000000000004', '00000000-0000-0000-0201-000000000001', 'media_partner', 'NOZ'),
  ('00000000-0000-0000-0202-000000000005', '00000000-0000-0000-0201-000000000001', 'media_partner', 'NZ'),
  ('00000000-0000-0000-0202-000000000006', '00000000-0000-0000-0201-000000000001', 'media_partner', 'OpM'),
  ('00000000-0000-0000-0202-000000000007', '00000000-0000-0000-0201-000000000001', 'media_partner', 'WA'),
  ('00000000-0000-0000-0202-000000000008', '00000000-0000-0000-0201-000000000001', 'pm', 'Sabrina Wiedl'),
  ('00000000-0000-0000-0202-000000000009', '00000000-0000-0000-0201-000000000001', 'insurance_clause', 'Reisen ohne Risikoerhöhung');

-- Trip 2 Transport Groups
INSERT INTO transport_groups (id, trip_departure_id, label, sort_order, created_at)
VALUES
  ('00000000-0000-0000-0203-000000000001', '00000000-0000-0000-0201-000000000001', 'Busfahrt ab/bis Raum Aalen, Amberg, Ingolstadt, Regensburg, Weiden (Übernachtung in Freiburg)', 0, NOW()),
  ('00000000-0000-0000-0203-000000000002', '00000000-0000-0000-0201-000000000001', 'Busfahrt ab/bis Raum Aachen, Bonn, Bremen, Oldenburg, Osnabrück (Übernachtung in Nancy & Metz)', 1, NOW()),
  ('00000000-0000-0000-0203-000000000003', '00000000-0000-0000-0201-000000000001', 'Busfahrt ab/bis Raum Aalen, Amberg, Ingolstadt, Regensburg, Weiden #Freiburg, Herbolzheim, Karlsruhe', 2, NOW()),
  ('00000000-0000-0000-0203-000000000004', '00000000-0000-0000-0201-000000000001', 'Eigene An- und Abreise zum Schiff', 3, NOW());

-- Trip 2 Bus Transports (7 services)
INSERT INTO bus_transports (id, trip_departure_id, name, direction, date, end_date, price, status, has_seat_plan, route_group, unterart, fruehbucher, altersermaessigung, idbuspro, idbuspro_partner_hotel, created_at)
VALUES
  -- Bus 1 Hinfahrt (2026-04-08)
  ('00000000-0000-0000-0204-000000000001', '00000000-0000-0000-0201-000000000001', 'Bus 1 Hinfahrt 08.04', 'HIN', '2026-04-08', NULL, 0.00, 'Frei', false, 'Busfahrt ab/bis Raum Aalen, Amberg, Ingolstadt, Regensburg, Weiden (Übernachtung in Freiburg)', 'BUS', true, true, 166630, NULL, NOW()),

  -- Bus 2 Hinfahrt (2026-04-08)
  ('00000000-0000-0000-0204-000000000002', '00000000-0000-0000-0201-000000000001', 'Bus 2 Hinfahrt 08.04', 'HIN', '2026-04-08', NULL, 0.00, 'Frei', false, 'Busfahrt ab/bis Raum Aachen, Bonn, Bremen, Oldenburg, Osnabrück (Übernachtung in Nancy & Metz)', 'BUS', true, true, 166633, NULL, NOW()),

  -- Bus 1 Weiterfahrt (2026-04-09)
  ('00000000-0000-0000-0204-000000000003', '00000000-0000-0000-0201-000000000001', 'Bus 1 Weiterfahrt 09.04', 'HIN', '2026-04-09', NULL, 0.00, 'Anfrage', false, 'Busfahrt ab/bis Raum Aalen, Amberg, Ingolstadt, Regensburg, Weiden #Freiburg, Herbolzheim, Karlsruhe', 'BUS', true, true, 166632, NULL, NOW()),

  -- Bus 1 Rückfahrt (2026-04-16)
  ('00000000-0000-0000-0204-000000000004', '00000000-0000-0000-0201-000000000001', 'Bus 1 Rückfahrt 16.04', 'RUECK', '2026-04-16', NULL, 0.00, 'Anfrage', false, 'Busfahrt ab/bis Raum Aalen, Amberg, Ingolstadt, Regensburg, Weiden #Freiburg, Herbolzheim, Karlsruhe', 'BUS', true, true, 166631, NULL, NOW()),

  -- Bus 2 Rückfahrt (2026-04-17)
  ('00000000-0000-0000-0204-000000000005', '00000000-0000-0000-0201-000000000001', 'Bus 2 Rückfahrt 17.04', 'RUECK', '2026-04-17', NULL, 0.00, 'Frei', false, 'Busfahrt ab/bis Raum Aachen, Bonn, Bremen, Oldenburg, Osnabrück (Übernachtung in Nancy & Metz)', 'BUS', true, true, 166634, NULL, NOW()),

  -- Eigene Anreise (2026-04-09)
  ('00000000-0000-0000-0204-000000000006', '00000000-0000-0000-0201-000000000001', 'Eigene Anreise', 'HIN', '2026-04-09', NULL, -40.00, 'Anfrage', false, 'Eigene An- und Abreise zum Schiff', 'PKW', false, false, 169601, NULL, NOW()),

  -- Eigene Abreise (2026-04-16)
  ('00000000-0000-0000-0204-000000000007', '00000000-0000-0000-0201-000000000001', 'Eigene Abreise', 'RUECK', '2026-04-16', NULL, -40.00, 'Anfrage', false, 'Eigene An- und Abreise zum Schiff', 'PKW', false, false, 169602, NULL, NOW());

-- Trip 2 Transport Group Members
INSERT INTO transport_group_members (id, transport_group_id, bus_transport_id)
VALUES
  ('00000000-0000-0000-0205-000000000001', '00000000-0000-0000-0203-000000000001', '00000000-0000-0000-0204-000000000001'),
  ('00000000-0000-0000-0205-000000000002', '00000000-0000-0000-0203-000000000002', '00000000-0000-0000-0204-000000000002'),
  ('00000000-0000-0000-0205-000000000003', '00000000-0000-0000-0203-000000000003', '00000000-0000-0000-0204-000000000003'),
  ('00000000-0000-0000-0205-000000000004', '00000000-0000-0000-0203-000000000003', '00000000-0000-0000-0204-000000000004'),
  ('00000000-0000-0000-0205-000000000005', '00000000-0000-0000-0203-000000000002', '00000000-0000-0000-0204-000000000005'),
  ('00000000-0000-0000-0205-000000000006', '00000000-0000-0000-0203-000000000004', '00000000-0000-0000-0204-000000000006'),
  ('00000000-0000-0000-0205-000000000007', '00000000-0000-0000-0203-000000000004', '00000000-0000-0000-0204-000000000007');

-- Trip 2 Boarding Point Assignments for Bus 1 Hinfahrt (438, 600, 296)
INSERT INTO boarding_point_assignments (id, boarding_point_id, bus_transport_id, created_at)
VALUES
  ('00000000-0000-0000-0206-000000000001', '00000000-0000-0001-0438-000000000000', '00000000-0000-0000-0204-000000000001', NOW()),
  ('00000000-0000-0000-0206-000000000002', '00000000-0000-0001-0600-000000000000', '00000000-0000-0000-0204-000000000001', NOW()),
  ('00000000-0000-0000-0206-000000000003', '00000000-0000-0001-0296-000000000000', '00000000-0000-0000-0204-000000000001', NOW());

-- Trip 2 Boarding Point Assignments for Bus 2 Hinfahrt (568, 800+190, 620+190, 691+190, 30, 50, 731, 707)
INSERT INTO boarding_point_assignments (id, boarding_point_id, bus_transport_id, surcharge_amount, created_at)
VALUES
  ('00000000-0000-0000-0206-000000000004', '00000000-0000-0001-0568-000000000000', '00000000-0000-0000-0204-000000000002', NULL, NOW()),
  ('00000000-0000-0000-0206-000000000005', '00000000-0000-0001-0800-000000000000', '00000000-0000-0000-0204-000000000002', 190.00, NOW()),
  ('00000000-0000-0000-0206-000000000006', '00000000-0000-0001-0620-000000000000', '00000000-0000-0000-0204-000000000002', 190.00, NOW()),
  ('00000000-0000-0000-0206-000000000007', '00000000-0000-0001-0691-000000000000', '00000000-0000-0000-0204-000000000002', 190.00, NOW()),
  ('00000000-0000-0000-0206-000000000008', '00000000-0000-0001-0030-000000000000', '00000000-0000-0000-0204-000000000002', NULL, NOW()),
  ('00000000-0000-0000-0206-000000000009', '00000000-0000-0001-0050-000000000000', '00000000-0000-0000-0204-000000000002', NULL, NOW()),
  ('00000000-0000-0000-0206-000000000010', '00000000-0000-0001-0731-000000000000', '00000000-0000-0000-0204-000000000002', NULL, NOW()),
  ('00000000-0000-0000-0206-000000000011', '00000000-0000-0001-0707-000000000000', '00000000-0000-0000-0204-000000000002', NULL, NOW());

-- Trip 2 Boarding Point Assignments for Bus 1 Weiterfahrt (438, 477, 600, 296)
INSERT INTO boarding_point_assignments (id, boarding_point_id, bus_transport_id, created_at)
VALUES
  ('00000000-0000-0000-0206-000000000012', '00000000-0000-0001-0438-000000000000', '00000000-0000-0000-0204-000000000003', NOW()),
  ('00000000-0000-0000-0206-000000000013', '00000000-0000-0001-0477-000000000000', '00000000-0000-0000-0204-000000000003', NOW()),
  ('00000000-0000-0000-0206-000000000014', '00000000-0000-0001-0600-000000000000', '00000000-0000-0000-0204-000000000003', NOW()),
  ('00000000-0000-0000-0206-000000000015', '00000000-0000-0001-0296-000000000000', '00000000-0000-0000-0204-000000000003', NOW());

-- Trip 2 Boarding Point Assignments for Bus 1 Rückfahrt (438, 477, 600, 296)
INSERT INTO boarding_point_assignments (id, boarding_point_id, bus_transport_id, created_at)
VALUES
  ('00000000-0000-0000-0206-000000000016', '00000000-0000-0001-0438-000000000000', '00000000-0000-0000-0204-000000000004', NOW()),
  ('00000000-0000-0000-0206-000000000017', '00000000-0000-0001-0477-000000000000', '00000000-0000-0000-0204-000000000004', NOW()),
  ('00000000-0000-0000-0206-000000000018', '00000000-0000-0001-0600-000000000000', '00000000-0000-0000-0204-000000000004', NOW()),
  ('00000000-0000-0000-0206-000000000019', '00000000-0000-0001-0296-000000000000', '00000000-0000-0000-0204-000000000004', NOW());

-- Trip 2 Boarding Point Assignments for Bus 2 Rückfahrt (568, 800, 620, 691, 30, 50, 731, 707)
INSERT INTO boarding_point_assignments (id, boarding_point_id, bus_transport_id, created_at)
VALUES
  ('00000000-0000-0000-0206-000000000020', '00000000-0000-0001-0568-000000000000', '00000000-0000-0000-0204-000000000005', NOW()),
  ('00000000-0000-0000-0206-000000000021', '00000000-0000-0001-0800-000000000000', '00000000-0000-0000-0204-000000000005', NULL, NOW()),
  ('00000000-0000-0000-0206-000000000022', '00000000-0000-0001-0620-000000000000', '00000000-0000-0000-0204-000000000005', NULL, NOW()),
  ('00000000-0000-0000-0206-000000000023', '00000000-0000-0001-0691-000000000000', '00000000-0000-0000-0204-000000000005', NULL, NOW()),
  ('00000000-0000-0000-0206-000000000024', '00000000-0000-0001-0030-000000000000', '00000000-0000-0000-0204-000000000005', NULL, NOW()),
  ('00000000-0000-0000-0206-000000000025', '00000000-0000-0001-0050-000000000000', '00000000-0000-0000-0204-000000000005', NULL, NOW()),
  ('00000000-0000-0000-0206-000000000026', '00000000-0000-0001-0731-000000000000', '00000000-0000-0000-0204-000000000005', NULL, NOW()),
  ('00000000-0000-0000-0206-000000000027', '00000000-0000-0001-0707-000000000000', '00000000-0000-0000-0204-000000000005', NULL, NOW());

-- Trip 2 Accommodations (34 total: 12 ship-only + 11 Freiburg composite + 11 Nancy/Metz composite)
-- Ship-only accommodations (Smaragddeck, Rubindeck, Diamantdeck) with XML prices
INSERT INTO accommodations (id, trip_departure_id, name, code, price, status, room_type, occupancy_min, occupancy_max, meal_plan, nights, check_in, check_out, hotel_partner_id, created_at)
VALUES
  -- Smaragddeck (XML pricing from leistung id 1-4)
  ('00000000-0000-0000-0207-000000000001', '00000000-0000-0000-0201-000000000001', 'Smaragddeck Zweibettkabine achtern', 'SDDZA', 1599.00, 'W', 'cabin', 2, 2, 'Vollpension', 7, '2026-04-09', '2026-04-16', '00000000-0000-0000-0002-000000061098', NOW()),
  ('00000000-0000-0000-0207-000000000002', '00000000-0000-0000-0201-000000000001', 'Smaragddeck Zweibettkabine', 'SDDZ', 1699.00, 'W', 'cabin', 2, 2, 'Vollpension', 7, '2026-04-09', '2026-04-16', '00000000-0000-0000-0002-000000061098', NOW()),
  ('00000000-0000-0000-0207-000000000003', '00000000-0000-0000-0201-000000000001', 'Smaragddeck Junior-Suite', 'SDJS', 0.00, 'W', 'suite', 2, 2, 'Vollpension', 7, '2026-04-09', '2026-04-16', '00000000-0000-0000-0002-000000061098', NOW()),
  ('00000000-0000-0000-0207-000000000004', '00000000-0000-0000-0201-000000000001', 'Smaragddeck zur Alleinbenutzung', 'SDEZ', 2649.00, 'W', 'cabin', 1, 1, 'Vollpension', 7, '2026-04-09', '2026-04-16', '00000000-0000-0000-0002-000000061098', NOW()),

  -- Rubindeck (XML pricing from leistung id 5-8)
  ('00000000-0000-0000-0207-000000000007', '00000000-0000-0000-0201-000000000001', 'Rubindeck Zweibettkabine achtern', 'RDDZA', 1899.00, 'W', 'cabin', 2, 2, 'Vollpension', 7, '2026-04-09', '2026-04-16', '00000000-0000-0000-0002-000000061098', NOW()),
  ('00000000-0000-0000-0207-000000000008', '00000000-0000-0000-0201-000000000001', 'Rubindeck Zweibettkabine', 'RDDZ', 1999.00, 'W', 'cabin', 2, 2, 'Vollpension', 7, '2026-04-09', '2026-04-16', '00000000-0000-0000-0002-000000061098', NOW()),
  ('00000000-0000-0000-0207-000000000009', '00000000-0000-0000-0201-000000000001', 'Rubindeck Suite', 'RDS', 2299.00, 'Frei', 'suite', 2, 2, 'Vollpension', 7, '2026-04-09', '2026-04-16', '00000000-0000-0000-0002-000000061098', NOW()),
  ('00000000-0000-0000-0207-000000000010', '00000000-0000-0000-0201-000000000001', 'Rubindeck zur Alleinbenutzung', 'RDEZ', 2999.00, 'W', 'cabin', 1, 1, 'Vollpension', 7, '2026-04-09', '2026-04-16', '00000000-0000-0000-0002-000000061098', NOW()),

  -- Diamantdeck (XML pricing from leistung id 9-12)
  ('00000000-0000-0000-0207-000000000011', '00000000-0000-0000-0201-000000000001', 'Diamantdeck Zweibettkabine', 'DDDZ', 2099.00, 'W', 'cabin', 2, 2, 'Vollpension', 7, '2026-04-09', '2026-04-16', '00000000-0000-0000-0002-000000061098', NOW()),
  ('00000000-0000-0000-0207-000000000012', '00000000-0000-0000-0201-000000000001', 'Diamantdeck Suite achtern', 'DDSA', 2299.00, 'W', 'suite', 2, 2, 'Vollpension', 7, '2026-04-09', '2026-04-16', '00000000-0000-0000-0002-000000061098', NOW()),

  -- Freiburg Program Composite (Ship + Freiburg Hotel, 11 options from XML leistung id 13-23)
  ('00000000-0000-0000-0207-000000000013', '00000000-0000-0000-0201-000000000001', 'Smaragddeck achtern + Freiburg DZ', 'SDDZA_DZ', 1769.00, 'W', 'composite', 2, 2, 'Vollpension & ÜF', 8, '2026-04-08', '2026-04-16', '00000000-0000-0000-0002-000000061098', NOW()),
  ('00000000-0000-0000-0207-000000000014', '00000000-0000-0000-0201-000000000001', 'Smaragddeck + Freiburg DZ', 'SDDZ_DZ', 1869.00, 'W', 'composite', 2, 2, 'Vollpension & ÜF', 8, '2026-04-08', '2026-04-16', '00000000-0000-0000-0002-000000061098', NOW()),
  ('00000000-0000-0000-0207-000000000015', '00000000-0000-0000-0201-000000000001', 'Smaragddeck Suite + Freiburg DZ', 'SDJS_DZ', 1669.00, 'W', 'composite', 2, 2, 'Vollpension & ÜF', 8, '2026-04-08', '2026-04-16', '00000000-0000-0000-0002-000000061098', NOW()),
  ('00000000-0000-0000-0207-000000000016', '00000000-0000-0000-0201-000000000001', 'Rubindeck achtern + Freiburg DZ', 'RDDZA_DZ', 2069.00, 'W', 'composite', 2, 2, 'Vollpension & ÜF', 8, '2026-04-08', '2026-04-16', '00000000-0000-0000-0002-000000061098', NOW()),
  ('00000000-0000-0000-0207-000000000017', '00000000-0000-0000-0201-000000000001', 'Rubindeck + Freiburg DZ', 'RDDZ_DZ', 2169.00, 'W', 'composite', 2, 2, 'Vollpension & ÜF', 8, '2026-04-08', '2026-04-16', '00000000-0000-0000-0002-000000061098', NOW()),
  ('00000000-0000-0000-0207-000000000018', '00000000-0000-0000-0201-000000000001', 'Smaragddeck achtern + Freiburg EZ', 'SDDZA_EZ', 2869.00, 'W', 'composite', 1, 1, 'Vollpension & ÜF', 8, '2026-04-08', '2026-04-16', '00000000-0000-0000-0002-000000061098', NOW()),
  ('00000000-0000-0000-0207-000000000019', '00000000-0000-0000-0201-000000000001', 'Rubindeck Suite + Freiburg DZ', 'RDS_DZ', 2469.00, 'Frei', 'composite', 2, 2, 'Vollpension & ÜF', 8, '2026-04-08', '2026-04-16', '00000000-0000-0000-0002-000000061098', NOW()),
  ('00000000-0000-0000-0207-000000000020', '00000000-0000-0000-0201-000000000001', 'Rubindeck + Freiburg EZ', 'RDDZ_EZ', 3169.00, 'W', 'composite', 1, 1, 'Vollpension & ÜF', 8, '2026-04-08', '2026-04-16', '00000000-0000-0000-0002-000000061098', NOW()),
  ('00000000-0000-0000-0207-000000000021', '00000000-0000-0000-0201-000000000001', 'Diamantdeck + Freiburg DZ', 'DDDZ_DZ', 2269.00, 'W', 'composite', 2, 2, 'Vollpension & ÜF', 8, '2026-04-08', '2026-04-16', '00000000-0000-0000-0002-000000061098', NOW()),
  ('00000000-0000-0000-0207-000000000022', '00000000-0000-0000-0201-000000000001', 'Diamantdeck Suite + Freiburg DZ', 'DDSA_DZ', 2469.00, 'W', 'composite', 2, 2, 'Vollpension & ÜF', 8, '2026-04-08', '2026-04-16', '00000000-0000-0000-0002-000000061098', NOW()),
  ('00000000-0000-0000-0207-000000000023', '00000000-0000-0000-0201-000000000001', 'Diamantdeck + Freiburg EZ', 'DDDZ_EZ', 3069.00, 'W', 'composite', 1, 1, 'Vollpension & ÜF', 8, '2026-04-08', '2026-04-16', '00000000-0000-0000-0002-000000061098', NOW()),

  -- Nancy/Metz Pre+Post Program Composite (11 options from XML with both Nancy pre and Metz post)
  ('00000000-0000-0000-0207-000000000024', '00000000-0000-0000-0201-000000000001', 'Smaragddeck achtern + Nancy/Metz DZ', 'SDDZA_NM', 1769.00, 'W', 'composite', 2, 2, 'Vollpension & ÜF', 9, '2026-04-08', '2026-04-17', '00000000-0000-0000-0002-000000061098', NOW()),
  ('00000000-0000-0000-0207-000000000025', '00000000-0000-0000-0201-000000000001', 'Smaragddeck + Nancy/Metz DZ', 'SDDZ_NM', 1869.00, 'W', 'composite', 2, 2, 'Vollpension & ÜF', 9, '2026-04-08', '2026-04-17', '00000000-0000-0000-0002-000000061098', NOW()),
  ('00000000-0000-0000-0207-000000000026', '00000000-0000-0000-0201-000000000001', 'Smaragddeck Suite + Nancy/Metz DZ', 'SDJS_NM', 1669.00, 'W', 'composite', 2, 2, 'Vollpension & ÜF', 9, '2026-04-08', '2026-04-17', '00000000-0000-0000-0002-000000061098', NOW()),
  ('00000000-0000-0000-0207-000000000027', '00000000-0000-0000-0201-000000000001', 'Rubindeck achtern + Nancy/Metz DZ', 'RDDZA_NM', 2069.00, 'W', 'composite', 2, 2, 'Vollpension & ÜF', 9, '2026-04-08', '2026-04-17', '00000000-0000-0000-0002-000000061098', NOW()),
  ('00000000-0000-0000-0207-000000000028', '00000000-0000-0000-0201-000000000001', 'Rubindeck + Nancy/Metz DZ', 'RDDZ_NM', 2169.00, 'W', 'composite', 2, 2, 'Vollpension & ÜF', 9, '2026-04-08', '2026-04-17', '00000000-0000-0000-0002-000000061098', NOW()),
  ('00000000-0000-0000-0207-000000000029', '00000000-0000-0000-0201-000000000001', 'Smaragddeck achtern + Nancy/Metz EZ', 'SDDZA_NM_EZ', 2869.00, 'W', 'composite', 1, 1, 'Vollpension & ÜF', 9, '2026-04-08', '2026-04-17', '00000000-0000-0000-0002-000000061098', NOW()),
  ('00000000-0000-0000-0207-000000000030', '00000000-0000-0000-0201-000000000001', 'Rubindeck Suite + Nancy/Metz DZ', 'RDS_NM', 2469.00, 'Frei', 'composite', 2, 2, 'Vollpension & ÜF', 9, '2026-04-08', '2026-04-17', '00000000-0000-0000-0002-000000061098', NOW()),
  ('00000000-0000-0000-0207-000000000031', '00000000-0000-0000-0201-000000000001', 'Rubindeck + Nancy/Metz EZ', 'RDDZ_NM_EZ', 3169.00, 'W', 'composite', 1, 1, 'Vollpension & ÜF', 9, '2026-04-08', '2026-04-17', '00000000-0000-0000-0002-000000061098', NOW()),
  ('00000000-0000-0000-0207-000000000032', '00000000-0000-0000-0201-000000000001', 'Diamantdeck + Nancy/Metz DZ', 'DDDZ_NM', 2269.00, 'W', 'composite', 2, 2, 'Vollpension & ÜF', 9, '2026-04-08', '2026-04-17', '00000000-0000-0000-0002-000000061098', NOW()),
  ('00000000-0000-0000-0207-000000000033', '00000000-0000-0000-0201-000000000001', 'Diamantdeck Suite + Nancy/Metz DZ', 'DDSA_NM', 2469.00, 'W', 'composite', 2, 2, 'Vollpension & ÜF', 9, '2026-04-08', '2026-04-17', '00000000-0000-0000-0002-000000061098', NOW()),
  ('00000000-0000-0000-0207-000000000034', '00000000-0000-0000-0201-000000000001', 'Diamantdeck + Nancy/Metz EZ', 'DDDZ_NM_EZ', 3069.00, 'W', 'composite', 1, 1, 'Vollpension & ÜF', 9, '2026-04-08', '2026-04-17', '00000000-0000-0000-0002-000000061098', NOW());

-- Trip 2 Composite Accommodation Hotels (Freiburg)
INSERT INTO composite_accommodation_hotels (id, accommodation_id, hotel_partner_id, check_in, check_out, nights, sort_order)
VALUES
  ('00000000-0000-0000-0208-000000000001', '00000000-0000-0000-0207-000000000013', '00000000-0000-0000-0002-000000086260', '2026-04-08', '2026-04-09', 1, 0),
  ('00000000-0000-0000-0208-000000000002', '00000000-0000-0000-0207-000000000014', '00000000-0000-0000-0002-000000086260', '2026-04-08', '2026-04-09', 1, 0),
  ('00000000-0000-0000-0208-000000000003', '00000000-0000-0000-0207-000000000015', '00000000-0000-0000-0002-000000086260', '2026-04-08', '2026-04-09', 1, 0),
  ('00000000-0000-0000-0208-000000000004', '00000000-0000-0000-0207-000000000016', '00000000-0000-0000-0002-000000086260', '2026-04-08', '2026-04-09', 1, 0),
  ('00000000-0000-0000-0208-000000000005', '00000000-0000-0000-0207-000000000017', '00000000-0000-0000-0002-000000086260', '2026-04-08', '2026-04-09', 1, 0),
  ('00000000-0000-0000-0208-000000000006', '00000000-0000-0000-0207-000000000018', '00000000-0000-0000-0002-000000086260', '2026-04-08', '2026-04-09', 1, 0),
  ('00000000-0000-0000-0208-000000000007', '00000000-0000-0000-0207-000000000019', '00000000-0000-0000-0002-000000086260', '2026-04-08', '2026-04-09', 1, 0),
  ('00000000-0000-0000-0208-000000000008', '00000000-0000-0000-0207-000000000020', '00000000-0000-0000-0002-000000086260', '2026-04-08', '2026-04-09', 1, 0),
  ('00000000-0000-0000-0208-000000000009', '00000000-0000-0000-0207-000000000021', '00000000-0000-0000-0002-000000086260', '2026-04-08', '2026-04-09', 1, 0),
  ('00000000-0000-0000-0208-000000000010', '00000000-0000-0000-0207-000000000022', '00000000-0000-0000-0002-000000086260', '2026-04-08', '2026-04-09', 1, 0),
  ('00000000-0000-0000-0208-000000000011', '00000000-0000-0000-0207-000000000023', '00000000-0000-0000-0002-000000086260', '2026-04-08', '2026-04-09', 1, 0);

-- Trip 2 Composite Accommodation Hotels (Nancy/Metz - Pre)
INSERT INTO composite_accommodation_hotels (id, accommodation_id, hotel_partner_id, check_in, check_out, nights, sort_order)
VALUES
  ('00000000-0000-0000-0208-000000000012', '00000000-0000-0000-0207-000000000024', '00000000-0000-0000-0002-000000060773', '2026-04-08', '2026-04-09', 1, 0),
  ('00000000-0000-0000-0208-000000000013', '00000000-0000-0000-0207-000000000025', '00000000-0000-0000-0002-000000060773', '2026-04-08', '2026-04-09', 1, 0),
  ('00000000-0000-0000-0208-000000000014', '00000000-0000-0000-0207-000000000026', '00000000-0000-0000-0002-000000060773', '2026-04-08', '2026-04-09', 1, 0),
  ('00000000-0000-0000-0208-000000000015', '00000000-0000-0000-0207-000000000027', '00000000-0000-0000-0002-000000060773', '2026-04-08', '2026-04-09', 1, 0),
  ('00000000-0000-0000-0208-000000000016', '00000000-0000-0000-0207-000000000028', '00000000-0000-0000-0002-000000060773', '2026-04-08', '2026-04-09', 1, 0),
  ('00000000-0000-0000-0208-000000000017', '00000000-0000-0000-0207-000000000029', '00000000-0000-0000-0002-000000060773', '2026-04-08', '2026-04-09', 1, 0),
  ('00000000-0000-0000-0208-000000000018', '00000000-0000-0000-0207-000000000030', '00000000-0000-0000-0002-000000060773', '2026-04-08', '2026-04-09', 1, 0),
  ('00000000-0000-0000-0208-000000000019', '00000000-0000-0000-0207-000000000031', '00000000-0000-0000-0002-000000060773', '2026-04-08', '2026-04-09', 1, 0),
  ('00000000-0000-0000-0208-000000000020', '00000000-0000-0000-0207-000000000032', '00000000-0000-0000-0002-000000060773', '2026-04-08', '2026-04-09', 1, 0),
  ('00000000-0000-0000-0208-000000000021', '00000000-0000-0000-0207-000000000033', '00000000-0000-0000-0002-000000060773', '2026-04-08', '2026-04-09', 1, 0),
  ('00000000-0000-0000-0208-000000000022', '00000000-0000-0000-0207-000000000034', '00000000-0000-0000-0002-000000060773', '2026-04-08', '2026-04-09', 1, 0);

-- Trip 2 Composite Accommodation Hotels (Metz - Post)
INSERT INTO composite_accommodation_hotels (id, accommodation_id, hotel_partner_id, check_in, check_out, nights, sort_order)
VALUES
  ('00000000-0000-0000-0208-000000000023', '00000000-0000-0000-0207-000000000024', '00000000-0000-0000-0002-000000086261', '2026-04-16', '2026-04-17', 1, 1),
  ('00000000-0000-0000-0208-000000000024', '00000000-0000-0000-0207-000000000025', '00000000-0000-0000-0002-000000086261', '2026-04-16', '2026-04-17', 1, 1),
  ('00000000-0000-0000-0208-000000000025', '00000000-0000-0000-0207-000000000026', '00000000-0000-0000-0002-000000086261', '2026-04-16', '2026-04-17', 1, 1),
  ('00000000-0000-0000-0208-000000000026', '00000000-0000-0000-0207-000000000027', '00000000-0000-0000-0002-000000086261', '2026-04-16', '2026-04-17', 1, 1),
  ('00000000-0000-0000-0208-000000000027', '00000000-0000-0000-0207-000000000028', '00000000-0000-0000-0002-000000086261', '2026-04-16', '2026-04-17', 1, 1),
  ('00000000-0000-0000-0208-000000000028', '00000000-0000-0000-0207-000000000029', '00000000-0000-0000-0002-000000086261', '2026-04-16', '2026-04-17', 1, 1),
  ('00000000-0000-0000-0208-000000000029', '00000000-0000-0000-0207-000000000030', '00000000-0000-0000-0002-000000086261', '2026-04-16', '2026-04-17', 1, 1),
  ('00000000-0000-0000-0208-000000000030', '00000000-0000-0000-0207-000000000031', '00000000-0000-0000-0002-000000086261', '2026-04-16', '2026-04-17', 1, 1),
  ('00000000-0000-0000-0208-000000000031', '00000000-0000-0000-0207-000000000032', '00000000-0000-0000-0002-000000086261', '2026-04-16', '2026-04-17', 1, 1),
  ('00000000-0000-0000-0208-000000000032', '00000000-0000-0000-0207-000000000033', '00000000-0000-0000-0002-000000086261', '2026-04-16', '2026-04-17', 1, 1),
  ('00000000-0000-0000-0208-000000000033', '00000000-0000-0000-0207-000000000034', '00000000-0000-0000-0002-000000086261', '2026-04-16', '2026-04-17', 1, 1);

-- Trip 2 Extras
INSERT INTO trip_extras (id, trip_departure_id, type, name, price, date, status, created_at)
VALUES
  ('00000000-0000-0000-0209-000000000001', '00000000-0000-0000-0201-000000000001', 'EIN', 'Aix-en-Provence Ausflug', 69.00, '2026-04-13', 'Frei', NOW()),
  ('00000000-0000-0000-0209-000000000002', '00000000-0000-0000-0201-000000000001', 'EIN', 'Marseille Ausflug', 69.00, '2026-04-13', 'Frei', NOW()),
  ('00000000-0000-0000-0209-000000000003', '00000000-0000-0000-0201-000000000001', 'EIN', 'Camargue/Aigues-Mortes', 39.00, '2026-04-14', 'Frei', NOW()),
  ('00000000-0000-0000-0209-000000000004', '00000000-0000-0000-0201-000000000001', 'VPF', 'Brasserie Excelsior Nancy Dinner', 52.00, '2026-04-08', 'Frei', NOW()),
  ('00000000-0000-0000-0209-000000000005', '00000000-0000-0000-0201-000000000001', 'VPF', 'Metz Dinner Reservation', 0.00, '2026-04-16', 'Frei', NOW());

-- Trip 2 Early Bird Discount
INSERT INTO early_bird_discounts (id, trip_departure_id, travel_from, travel_to, booking_from, booking_to, value, type, created_at)
VALUES
  ('00000000-0000-0000-0210-000000000001', '00000000-0000-0000-0201-000000000001', '2026-04-08', '2026-04-17', NULL, '2026-02-15', 100.00, 'F', NOW());

-- Trip 2 Insurance
INSERT INTO trip_extras (id, trip_departure_id, type, name, price, date, status, idbuspro, created_at)
VALUES
  ('00000000-0000-0000-0209-000000000006', '00000000-0000-0000-0201-000000000001', 'INS', 'Schiffsreise', 0.00, '2026-04-09', 'Frei', 3, NOW()),
  ('00000000-0000-0000-0209-000000000007', '00000000-0000-0000-0201-000000000001', 'INS', 'Europa', 0.00, '2026-04-09', 'Frei', 4, NOW());

-- ============================================================================
-- SECTION 5: TRIP 3 - STARKE FRAUEN IN DRESDEN
-- ============================================================================

INSERT INTO trips (id, idbuspro, code, name, start_date, end_date, base_price, status_hin, status_rueck, created_at)
VALUES
  ('00000000-0000-0000-0300-000000000001', 4953, '3545779', 'Starke Frauen in Dresden', '2026-03-06', '2026-03-08', 699.00, 'Buchungsstop', 'Buchungsstop', '2026-01-28 00:00:00');

INSERT INTO trip_departures (id, trip_id, start_date, end_date, code, booking_deadline, status_hin, status_rueck, guarantee, created_at)
VALUES
  ('00000000-0000-0000-0301-000000000001', '00000000-0000-0000-0300-000000000001', '2026-03-06', '2026-03-08', '3545779', NULL, 'Buchungsstop', 'Buchungsstop', false, '2026-01-28 00:00:00');

-- Trip 3 Tags
INSERT INTO trip_tags (id, trip_departure_id, dimension, value)
VALUES
  ('00000000-0000-0000-0302-000000000001', '00000000-0000-0000-0301-000000000001', 'category', 'Bus'),
  ('00000000-0000-0000-0302-000000000002', '00000000-0000-0000-0301-000000000001', 'theme', 'Kunst/Kultur/Kulinarik'),
  ('00000000-0000-0000-0302-000000000003', '00000000-0000-0000-0301-000000000001', 'region', 'Inland'),
  ('00000000-0000-0000-0302-000000000004', '00000000-0000-0000-0301-000000000001', 'media_partner', 'TS'),
  ('00000000-0000-0000-0302-000000000005', '00000000-0000-0000-0301-000000000001', 'pm', 'Patrick Reitz'),
  ('00000000-0000-0000-0302-000000000006', '00000000-0000-0000-0301-000000000001', 'insurance_clause', 'Reisen ohne Risikoerhöhung');

-- Trip 3 Transport Groups
INSERT INTO transport_groups (id, trip_departure_id, label, sort_order, created_at)
VALUES
  ('00000000-0000-0000-0303-000000000001', '00000000-0000-0000-0301-000000000001', 'Busreise', 0, NOW());

-- Trip 3 Bus Transports (2 services with seat plans)
INSERT INTO bus_transports (id, trip_departure_id, name, direction, date, end_date, price, status, has_seat_plan, route_group, unterart, fruehbucher, altersermaessigung, seat_map_id, idbuspro, idbuspro_partner_hotel, created_at)
VALUES
  ('00000000-0000-0000-0304-000000000001', '00000000-0000-0000-0301-000000000001', 'Bus Hinfahrt 06.03', 'HIN', '2026-03-06', NULL, 0.00, 'Buchungsstop', true, 'Busreise', 'BUS', true, true, '00000000-0000-0000-0004-000000000002', NULL, 51173, NOW()),
  ('00000000-0000-0000-0304-000000000002', '00000000-0000-0000-0301-000000000001', 'Bus Rückfahrt 08.03', 'RUECK', '2026-03-08', NULL, 0.00, 'Buchungsstop', true, 'Busreise', 'BUS', true, true, '00000000-0000-0000-0004-000000000002', NULL, 51173, NOW());

-- Trip 3 Transport Group Members
INSERT INTO transport_group_members (id, transport_group_id, bus_transport_id)
VALUES
  ('00000000-0000-0000-0305-000000000001', '00000000-0000-0000-0303-000000000001', '00000000-0000-0000-0304-000000000001'),
  ('00000000-0000-0000-0305-000000000002', '00000000-0000-0000-0303-000000000001', '00000000-0000-0000-0304-000000000002');

-- Trip 3 Boarding Point Assignments (single boarding point 173 with time for outbound)
INSERT INTO boarding_point_assignments (id, boarding_point_id, bus_transport_id, pickup_time, created_at)
VALUES
  ('00000000-0000-0000-0306-000000000001', '00000000-0000-0001-0173-000000000000', '00000000-0000-0000-0304-000000000001', '10:00', NOW()),
  ('00000000-0000-0000-0306-000000000002', '00000000-0000-0001-0173-000000000000', '00000000-0000-0000-0304-000000000002', NULL, NOW());

-- Trip 3 Accommodations (Hotel Dresden)
INSERT INTO accommodations (id, trip_departure_id, name, code, price, status, room_type, occupancy_min, occupancy_max, meal_plan, nights, check_in, check_out, hotel_partner_id, created_at)
VALUES
  ('00000000-0000-0000-0307-000000000001', '00000000-0000-0000-0301-000000000001', 'DZ (Doppelzimmer)', 'DZ', 640.00, 'Buchungsstop', 'double', 2, 2, 'Laut Programm', 2, '2026-03-06', '2026-03-08', '00000000-0000-0000-0002-000000000029', NOW()),
  ('00000000-0000-0000-0307-000000000002', '00000000-0000-0000-0301-000000000001', 'EZ (Einzelzimmer)', 'EZ', 740.00, 'Buchungsstop', 'single', 1, 1, 'Laut Programm', 2, '2026-03-06', '2026-03-08', '00000000-0000-0000-0002-000000000029', NOW());

-- Trip 3 Extras (Don Giovanni at Semperoper)
INSERT INTO trip_extras (id, trip_departure_id, type, name, price, date, status, auto_book, is_mandatory, idbuspro, created_at)
VALUES
  ('00000000-0000-0000-0308-000000000001', '00000000-0000-0000-0301-000000000001', 'EIN', 'Opernkarte "Don Giovanni" Semperoper', 109.00, '2026-03-07', 'Buchungsstop', true, true, 74674, NOW());

-- Trip 3 Early Bird Discount (Abonnentenrabatt)
INSERT INTO early_bird_discounts (id, trip_departure_id, travel_from, travel_to, booking_from, booking_to, value, type, created_at)
VALUES
  ('00000000-0000-0000-0309-000000000001', '00000000-0000-0000-0301-000000000001', '2026-03-06', '2026-03-08', NULL, '2026-03-05', 50.00, 'F', NOW());

-- Trip 3 Insurance
INSERT INTO trip_extras (id, trip_departure_id, type, name, price, date, status, idbuspro, created_at)
VALUES
  ('00000000-0000-0000-0308-000000000002', '00000000-0000-0000-0301-000000000001', 'INS', 'Auto, Bus & Bahn', 0.00, '2026-03-06', 'Buchungsstop', 1, NOW()),
  ('00000000-0000-0000-0308-000000000003', '00000000-0000-0000-0301-000000000001', 'INS', 'Europa', 0.00, '2026-03-06', 'Buchungsstop', 4, NOW());

-- Trip 3 Tour Guide
INSERT INTO tour_guide_assignments (id, trip_departure_id, first_name, last_name, gender, code, created_at)
VALUES
  ('00000000-0000-0000-0310-000000000001', '00000000-0000-0000-0301-000000000001', 'Nicole', 'Bröhan', 'F', 'NB', NOW());

-- ============================================================================
-- SECTION 6: SAMPLE SEAT ASSIGNMENTS (Dresden Trip - Demonstration Data)
-- ============================================================================
-- These demonstrate how the seat reassignment tool would work
-- Using the Növernann bus (44+1 seats) for the Dresden trip outbound

INSERT INTO seat_assignments (id, seat_id, bus_transport_id, passenger_first_name, passenger_last_name, passenger_email, passenger_phone, booking_reference, created_at)
VALUES
  ('00000000-0000-0000-0311-000000000001', '00000000-0000-0004-0002-000000000101', '00000000-0000-0000-0304-000000000001', 'Maria', 'Schmidt', 'maria.schmidt@example.com', '030-1234567', 'BK-001', NOW()),
  ('00000000-0000-0000-0311-000000000002', '00000000-0000-0004-0002-000000000102', '00000000-0000-0000-0304-000000000001', 'Anna', 'Müller', 'anna.mueller@example.com', '040-9876543', 'BK-002', NOW()),
  ('00000000-0000-0000-0311-000000000003', '00000000-0000-0004-0002-000000000103', '00000000-0000-0000-0304-000000000001', 'Petra', 'Weber', 'petra.weber@example.com', NULL, 'BK-003', NOW()),
  ('00000000-0000-0000-0311-000000000004', '00000000-0000-0004-0002-000000000104', '00000000-0000-0000-0304-000000000001', 'Sabine', 'Meyer', 'sabine.meyer@example.com', '069-555666', 'BK-004', NOW()),
  ('00000000-0000-0000-0311-000000000005', '00000000-0000-0004-0002-000000000201', '00000000-0000-0000-0304-000000000001', 'Claudia', 'Fischer', 'claudia.fischer@example.com', '0711-123456', 'BK-005', NOW()),
  ('00000000-0000-0000-0311-000000000006', '00000000-0000-0004-0002-000000000202', '00000000-0000-0000-0304-000000000001', 'Sylvia', 'König', 'sylvia.koenig@example.com', NULL, 'BK-006', NOW()),
  ('00000000-0000-0000-0311-000000000007', '00000000-0000-0004-0002-000000000203', '00000000-0000-0000-0304-000000000001', 'Renate', 'Richter', 'renate.richter@example.com', '089-7654321', 'BK-007', NOW()),
  ('00000000-0000-0000-0311-000000000008', '00000000-0000-0004-0002-000000000204', '00000000-0000-0000-0304-000000000001', 'Brigitte', 'Krüger', 'brigitte.krueger@example.com', '0221-111222', 'BK-008', NOW()),
  ('00000000-0000-0000-0311-000000000009', '00000000-0000-0004-0002-000000000301', '00000000-0000-0000-0304-000000000001', 'Gisela', 'Hoffmann', 'gisela.hoffmann@example.com', NULL, 'BK-009', NOW()),
  ('00000000-0000-0000-0311-000000000010', '00000000-0000-0004-0002-000000000302', '00000000-0000-0000-0304-000000000001', 'Helga', 'Schröder', 'helga.schroeder@example.com', '0341-654987', 'BK-010', NOW());

-- ============================================================================
-- SUMMARY OF SEED DATA:
-- ============================================================================
-- Trip 1 (Grandhotel Pupp): 1 departure, 2 buses, 2 accommodations, 2 seat maps populated
-- Trip 2 (Rhône Cruise): 1 departure, 7 transport services, 34 accommodations (ship+composites), extras
-- Trip 3 (Dresden): 1 departure, 2 buses, 2 accommodations, 10 sample seat assignments
--
-- Total: 3 trips, 3 departures, 11 transport services, 38 accommodations
-- Total boarding points: 18 placeholder records requiring enrichment
-- Total seat assignments: 10 sample passengers for Dresden outbound bus
-- ============================================================================
